<?xml version="1.0" encoding="UTF-8"?>
<project-private xmlns="http://www.netbeans.org/ns/project-private/1">
    <editor-bookmarks xmlns="http://www.netbeans.org/ns/editor-bookmarks/2" lastBookmarkId="1">
        <file>
            <url>src/java/DbConnect/Dbconnection.java</url>
            <bookmark id="1">
                <name/>
                <line>120</line>
                <key/>
            </bookmark>
        </file>
    </editor-bookmarks>
    <open-files xmlns="http://www.netbeans.org/ns/projectui-open-files/2">
        <group>
            <file>file:/C:/Users/User/Documents/NetBeansProjects/jspproject1/web/AddEmp.jsp</file>
            <file>file:/C:/Users/User/Documents/NetBeansProjects/jspproject1/src/java/DbConnect/Dbconnection.java</file>
            <file>file:/C:/Users/User/Documents/NetBeansProjects/jspproject1/web/empform.jsp</file>
            <file>file:/C:/Users/User/Documents/NetBeansProjects/jspproject1/web/EditEmp.jsp</file>
            <file>file:/C:/Users/User/Documents/NetBeansProjects/jspproject1/web/DeleteEmp.jsp</file>
            <file>file:/C:/Users/User/Documents/NetBeansProjects/jspproject1/web/updateemp.jsp</file>
            <file>file:/C:/Users/User/Documents/NetBeansProjects/jspproject1/web/ViewEmp.jsp</file>
            <file>file:/C:/Users/User/Documents/NetBeansProjects/jspproject1/web/insertemp.jsp</file>
        </group>
    </open-files>
</project-private>
